negative cs,positive cs,Difficolta,ground_truth,id,HD1,FHD,Study,id_xray,conf,ultconf,changes,AI,max_confidence,machineconfidence,ICI_local_0,ICI_local_1,ICI_local_prediction
0.0034,0.9966,1,1,1,0,1,HAM,5,4,4,1,1,0.9966,0.992788462,0.913,0.838,0.838
0.0034,0.9966,1,1,2,1,1,HAM,5,4,4,0,1,0.9966,0.992788462,0.913,0.838,0.838
0.0034,0.9966,1,1,3,1,1,HAM,5,4,3,0,1,0.9966,0.992788462,0.913,0.838,0.838
0.0034,0.9966,1,1,4,0,1,HAM,5,4,4,1,1,0.9966,0.992788462,0.913,0.838,0.838
0.0034,0.9966,1,1,5,1,1,HAM,5,4,4,0,1,0.9966,0.992788462,0.913,0.838,0.838
0.0034,0.9966,1,1,6,0,1,HAM,5,3,2,1,1,0.9966,0.992788462,0.913,0.838,0.838
0.0034,0.9966,1,1,7,0,1,HAM,5,4,4,1,1,0.9966,0.992788462,0.913,0.838,0.838
0.0034,0.9966,1,1,8,0,1,HAM,5,4,4,1,1,0.9966,0.992788462,0.913,0.838,0.838
0.0034,0.9966,1,1,9,0,1,HAM,5,3,3,1,1,0.9966,0.992788462,0.913,0.838,0.838
0.0034,0.9966,1,1,10,0,1,HAM,5,4,3,1,1,0.9966,0.992788462,0.913,0.838,0.838
0.0034,0.9966,1,1,11,0,1,HAM,5,3,3,1,1,0.9966,0.992788462,0.913,0.838,0.838
0.0034,0.9966,1,1,12,1,1,HAM,5,4,4,0,1,0.9966,0.992788462,0.913,0.838,0.838
0.0034,0.9966,1,1,13,0,1,HAM,5,4,4,1,1,0.9966,0.992788462,0.913,0.838,0.838
0.0034,0.9966,1,1,14,1,1,HAM,5,3,3,0,1,0.9966,0.992788462,0.913,0.838,0.838
0.0034,0.9966,1,1,15,0,1,HAM,5,4,4,1,1,0.9966,0.992788462,0.913,0.838,0.838
0.0034,0.9966,1,1,16,1,1,HAM,5,4,4,0,1,0.9966,0.992788462,0.913,0.838,0.838
0.3032,0.6968,3,1,1,0,1,HAM,17,4,4,1,1,0.6968,0.337631119,0.677,0.843,0.843
0.3032,0.6968,3,1,2,0,0,HAM,17,3,4,0,1,0.6968,0.337631119,0.677,0.843,0.843
0.3032,0.6968,3,1,3,0,0,HAM,17,3,3,0,1,0.6968,0.337631119,0.677,0.843,0.843
0.3032,0.6968,3,1,4,0,1,HAM,17,3,3,1,1,0.6968,0.337631119,0.677,0.843,0.843
0.3032,0.6968,3,1,5,1,1,HAM,17,3,3,0,1,0.6968,0.337631119,0.677,0.843,0.843
0.3032,0.6968,3,1,6,1,0,HAM,17,3,3,0,1,0.6968,0.337631119,0.677,0.843,0.843
0.3032,0.6968,3,1,7,1,1,HAM,17,4,4,0,1,0.6968,0.337631119,0.677,0.843,0.843
0.3032,0.6968,3,1,8,0,1,HAM,17,3,3,1,1,0.6968,0.337631119,0.677,0.843,0.843
0.3032,0.6968,3,1,9,1,0,HAM,17,3,3,0,1,0.6968,0.337631119,0.677,0.843,0.843
0.3032,0.6968,3,1,10,0,1,HAM,17,4,3,1,1,0.6968,0.337631119,0.677,0.843,0.843
0.3032,0.6968,3,1,11,0,0,HAM,17,4,4,0,1,0.6968,0.337631119,0.677,0.843,0.843
0.3032,0.6968,3,1,12,0,1,HAM,17,4,3,1,1,0.6968,0.337631119,0.677,0.843,0.843
0.3032,0.6968,3,1,13,1,0,HAM,17,3,4,0,1,0.6968,0.337631119,0.677,0.843,0.843
0.3032,0.6968,3,1,14,1,1,HAM,17,3,3,0,1,0.6968,0.337631119,0.677,0.843,0.843
0.3032,0.6968,3,1,15,1,1,HAM,17,4,4,0,1,0.6968,0.337631119,0.677,0.843,0.843
0.3032,0.6968,3,1,16,1,1,HAM,17,2,3,0,1,0.6968,0.337631119,0.677,0.843,0.843
0.9943,0.0057,4,1,1,0,1,LAM,6,3,3,1,0,0.9943,0.987762238,0.82,0.749,0.82
0.9943,0.0057,4,1,2,0,0,LAM,6,2,2,0,0,0.9943,0.987762238,0.82,0.749,0.82
0.9943,0.0057,4,1,3,1,1,LAM,6,2,2,0,0,0.9943,0.987762238,0.82,0.749,0.82
0.9943,0.0057,4,1,4,1,1,LAM,6,4,4,0,0,0.9943,0.987762238,0.82,0.749,0.82
0.9943,0.0057,4,1,5,0,1,LAM,6,2,2,1,0,0.9943,0.987762238,0.82,0.749,0.82
0.9943,0.0057,4,1,6,0,1,LAM,6,3,1,1,0,0.9943,0.987762238,0.82,0.749,0.82
0.9943,0.0057,4,1,7,0,1,LAM,6,4,4,1,0,0.9943,0.987762238,0.82,0.749,0.82
0.9943,0.0057,4,1,8,0,1,LAM,6,2,3,1,0,0.9943,0.987762238,0.82,0.749,0.82
0.9943,0.0057,4,1,9,1,1,LAM,6,3,3,0,0,0.9943,0.987762238,0.82,0.749,0.82
0.9943,0.0057,4,1,10,1,1,LAM,6,2,2,0,0,0.9943,0.987762238,0.82,0.749,0.82
0.9943,0.0057,4,1,11,1,1,LAM,6,3,3,0,0,0.9943,0.987762238,0.82,0.749,0.82
0.9943,0.0057,4,1,12,1,1,LAM,6,3,3,0,0,0.9943,0.987762238,0.82,0.749,0.82
0.9943,0.0057,4,1,13,1,1,LAM,6,2,2,0,0,0.9943,0.987762238,0.82,0.749,0.82
0.9943,0.0057,4,1,14,1,1,LAM,6,2,2,0,0,0.9943,0.987762238,0.82,0.749,0.82
0.9943,0.0057,4,1,15,0,1,LAM,6,4,4,1,0,0.9943,0.987762238,0.82,0.749,0.82
0.9943,0.0057,4,1,16,0,0,LAM,6,2,3,0,0,0.9943,0.987762238,0.82,0.749,0.82
0.3786,0.6214,4,1,1,0,1,HAM,1,4,4,1,1,0.6214,0.172858392,0.345,0.585,0.585
0.3786,0.6214,4,1,2,1,1,HAM,1,3,3,0,1,0.6214,0.172858392,0.345,0.585,0.585
0.3786,0.6214,4,1,3,1,1,HAM,1,3,3,0,1,0.6214,0.172858392,0.345,0.585,0.585
0.3786,0.6214,4,1,4,1,1,HAM,1,3,3,0,1,0.6214,0.172858392,0.345,0.585,0.585
0.3786,0.6214,4,1,5,1,1,HAM,1,3,3,0,1,0.6214,0.172858392,0.345,0.585,0.585
0.3786,0.6214,4,1,6,1,1,HAM,1,3,3,0,1,0.6214,0.172858392,0.345,0.585,0.585
0.3786,0.6214,4,1,7,1,1,HAM,1,4,4,0,1,0.6214,0.172858392,0.345,0.585,0.585
0.3786,0.6214,4,1,8,1,0,HAM,1,3,3,0,1,0.6214,0.172858392,0.345,0.585,0.585
0.3786,0.6214,4,1,9,1,0,HAM,1,3,3,0,1,0.6214,0.172858392,0.345,0.585,0.585
0.3786,0.6214,4,1,10,1,1,HAM,1,4,3,0,1,0.6214,0.172858392,0.345,0.585,0.585
0.3786,0.6214,4,1,11,1,1,HAM,1,3,3,0,1,0.6214,0.172858392,0.345,0.585,0.585
0.3786,0.6214,4,1,12,1,1,HAM,1,4,4,0,1,0.6214,0.172858392,0.345,0.585,0.585
0.3786,0.6214,4,1,13,1,1,HAM,1,3,3,0,1,0.6214,0.172858392,0.345,0.585,0.585
0.3786,0.6214,4,1,14,0,0,HAM,1,2,2,0,1,0.6214,0.172858392,0.345,0.585,0.585
0.3786,0.6214,4,1,15,0,1,HAM,1,4,4,1,1,0.6214,0.172858392,0.345,0.585,0.585
0.3786,0.6214,4,1,16,1,1,HAM,1,1,1,0,1,0.6214,0.172858392,0.345,0.585,0.585
0.8975,0.1025,2,1,1,1,1,HAM,7,3,4,0,0,0.8975,0.776223776,0.881,0.749,0.881
0.8975,0.1025,2,1,2,1,1,HAM,7,1,1,0,0,0.8975,0.776223776,0.881,0.749,0.881
0.8975,0.1025,2,1,3,1,1,HAM,7,2,2,0,0,0.8975,0.776223776,0.881,0.749,0.881
0.8975,0.1025,2,1,4,1,1,HAM,7,1,2,0,0,0.8975,0.776223776,0.881,0.749,0.881
0.8975,0.1025,2,1,5,1,1,HAM,7,2,2,0,0,0.8975,0.776223776,0.881,0.749,0.881
0.8975,0.1025,2,1,6,0,1,HAM,7,1,2,1,0,0.8975,0.776223776,0.881,0.749,0.881
0.8975,0.1025,2,1,7,0,1,HAM,7,4,3,1,0,0.8975,0.776223776,0.881,0.749,0.881
0.8975,0.1025,2,1,8,1,1,HAM,7,3,3,0,0,0.8975,0.776223776,0.881,0.749,0.881
0.8975,0.1025,2,1,9,1,1,HAM,7,3,3,0,0,0.8975,0.776223776,0.881,0.749,0.881
0.8975,0.1025,2,1,10,1,1,HAM,7,3,3,0,0,0.8975,0.776223776,0.881,0.749,0.881
0.8975,0.1025,2,1,11,1,1,HAM,7,2,3,0,0,0.8975,0.776223776,0.881,0.749,0.881
0.8975,0.1025,2,1,12,1,1,HAM,7,3,3,0,0,0.8975,0.776223776,0.881,0.749,0.881
0.8975,0.1025,2,1,13,0,1,HAM,7,2,4,1,0,0.8975,0.776223776,0.881,0.749,0.881
0.8975,0.1025,2,1,14,1,1,HAM,7,1,1,0,0,0.8975,0.776223776,0.881,0.749,0.881
0.8975,0.1025,2,1,15,1,1,HAM,7,3,3,0,0,0.8975,0.776223776,0.881,0.749,0.881
0.8975,0.1025,2,1,16,0,0,HAM,7,1,2,0,0,0.8975,0.776223776,0.881,0.749,0.881
0.0001,0.9999,1,1,1,1,0,LAM,8,3,2,0,1,0.9999,1,0.913,0.838,0.838
0.0001,0.9999,1,1,2,1,1,LAM,8,4,4,0,1,0.9999,1,0.913,0.838,0.838
0.0001,0.9999,1,1,3,1,1,LAM,8,3,3,0,1,0.9999,1,0.913,0.838,0.838
0.0001,0.9999,1,1,4,1,1,LAM,8,4,3,0,1,0.9999,1,0.913,0.838,0.838
0.0001,0.9999,1,1,5,1,1,LAM,8,3,3,0,1,0.9999,1,0.913,0.838,0.838
0.0001,0.9999,1,1,6,1,1,LAM,8,2,2,0,1,0.9999,1,0.913,0.838,0.838
0.0001,0.9999,1,1,7,1,1,LAM,8,4,4,0,1,0.9999,1,0.913,0.838,0.838
0.0001,0.9999,1,1,8,1,1,LAM,8,4,3,0,1,0.9999,1,0.913,0.838,0.838
0.0001,0.9999,1,1,9,1,1,LAM,8,4,4,0,1,0.9999,1,0.913,0.838,0.838
0.0001,0.9999,1,1,10,1,1,LAM,8,3,3,0,1,0.9999,1,0.913,0.838,0.838
0.0001,0.9999,1,1,11,1,1,LAM,8,3,3,0,1,0.9999,1,0.913,0.838,0.838
0.0001,0.9999,1,1,12,1,1,LAM,8,2,2,0,1,0.9999,1,0.913,0.838,0.838
0.0001,0.9999,1,1,13,1,1,LAM,8,4,3,0,1,0.9999,1,0.913,0.838,0.838
0.0001,0.9999,1,1,14,1,1,LAM,8,3,3,0,1,0.9999,1,0.913,0.838,0.838
0.0001,0.9999,1,1,15,1,1,LAM,8,4,4,0,1,0.9999,1,0.913,0.838,0.838
0.0001,0.9999,1,1,16,0,0,LAM,8,4,4,0,1,0.9999,1,0.913,0.838,0.838
0.0814,0.9186,1,1,1,1,1,LAM,3,4,4,0,1,0.9186,0.822333916,0.677,0.843,0.843
0.0814,0.9186,1,1,2,0,1,LAM,3,3,3,0,1,0.9186,0.822333916,0.677,0.843,0.843
0.0814,0.9186,1,1,3,1,1,LAM,3,4,4,0,1,0.9186,0.822333916,0.677,0.843,0.843
0.0814,0.9186,1,1,4,1,1,LAM,3,4,4,0,1,0.9186,0.822333916,0.677,0.843,0.843
0.0814,0.9186,1,1,5,1,1,LAM,3,3,3,0,1,0.9186,0.822333916,0.677,0.843,0.843
0.0814,0.9186,1,1,6,1,1,LAM,3,2,2,0,1,0.9186,0.822333916,0.677,0.843,0.843
0.0814,0.9186,1,1,7,1,1,LAM,3,4,4,0,1,0.9186,0.822333916,0.677,0.843,0.843
0.0814,0.9186,1,1,8,0,1,LAM,3,4,3,0,1,0.9186,0.822333916,0.677,0.843,0.843
0.0814,0.9186,1,1,9,1,1,LAM,3,4,4,0,1,0.9186,0.822333916,0.677,0.843,0.843
0.0814,0.9186,1,1,10,1,1,LAM,3,4,4,0,1,0.9186,0.822333916,0.677,0.843,0.843
0.0814,0.9186,1,1,11,1,1,LAM,3,4,4,0,1,0.9186,0.822333916,0.677,0.843,0.843
0.0814,0.9186,1,1,12,1,1,LAM,3,3,3,0,1,0.9186,0.822333916,0.677,0.843,0.843
0.0814,0.9186,1,1,13,0,1,LAM,3,4,4,0,1,0.9186,0.822333916,0.677,0.843,0.843
0.0814,0.9186,1,1,14,1,1,LAM,3,2,2,0,1,0.9186,0.822333916,0.677,0.843,0.843
0.0814,0.9186,1,1,15,0,0,LAM,3,3,3,0,1,0.9186,0.822333916,0.677,0.843,0.843
0.0814,0.9186,1,1,16,1,1,LAM,3,4,4,0,1,0.9186,0.822333916,0.677,0.843,0.843
0.0009,0.9991,1,1,1,1,1,LAM,2,4,4,0,1,0.9991,0.998251748,0.913,0.838,0.838
0.0009,0.9991,1,1,2,1,1,LAM,2,4,3,0,1,0.9991,0.998251748,0.913,0.838,0.838
0.0009,0.9991,1,1,3,1,1,LAM,2,2,4,0,1,0.9991,0.998251748,0.913,0.838,0.838
0.0009,0.9991,1,1,4,1,1,LAM,2,4,4,0,1,0.9991,0.998251748,0.913,0.838,0.838
0.0009,0.9991,1,1,5,1,1,LAM,2,3,3,0,1,0.9991,0.998251748,0.913,0.838,0.838
0.0009,0.9991,1,1,6,1,1,LAM,2,2,2,0,1,0.9991,0.998251748,0.913,0.838,0.838
0.0009,0.9991,1,1,7,1,1,LAM,2,4,4,0,1,0.9991,0.998251748,0.913,0.838,0.838
0.0009,0.9991,1,1,8,1,1,LAM,2,4,3,0,1,0.9991,0.998251748,0.913,0.838,0.838
0.0009,0.9991,1,1,9,0,1,LAM,2,4,4,1,1,0.9991,0.998251748,0.913,0.838,0.838
0.0009,0.9991,1,1,10,1,1,LAM,2,4,3,0,1,0.9991,0.998251748,0.913,0.838,0.838
0.0009,0.9991,1,1,11,1,1,LAM,2,4,3,0,1,0.9991,0.998251748,0.913,0.838,0.838
0.0009,0.9991,1,1,12,1,1,LAM,2,4,3,0,1,0.9991,0.998251748,0.913,0.838,0.838
0.0009,0.9991,1,1,13,1,1,LAM,2,4,4,0,1,0.9991,0.998251748,0.913,0.838,0.838
0.0009,0.9991,1,1,14,1,1,LAM,2,3,3,0,1,0.9991,0.998251748,0.913,0.838,0.838
0.0009,0.9991,1,1,15,1,1,LAM,2,4,4,0,1,0.9991,0.998251748,0.913,0.838,0.838
0.0009,0.9991,1,1,16,1,1,LAM,2,4,4,0,1,0.9991,0.998251748,0.913,0.838,0.838
0.3932,0.6068,3,1,1,0,1,LAM,4,3,3,1,1,0.6068,0.140952797,0.345,0.585,0.585
0.3932,0.6068,3,1,2,1,0,LAM,4,1,1,0,1,0.6068,0.140952797,0.345,0.585,0.585
0.3932,0.6068,3,1,3,0,1,LAM,4,3,2,1,1,0.6068,0.140952797,0.345,0.585,0.585
0.3932,0.6068,3,1,4,0,1,LAM,4,4,4,1,1,0.6068,0.140952797,0.345,0.585,0.585
0.3932,0.6068,3,1,5,0,1,LAM,4,3,3,1,1,0.6068,0.140952797,0.345,0.585,0.585
0.3932,0.6068,3,1,6,0,1,LAM,4,1,1,1,1,0.6068,0.140952797,0.345,0.585,0.585
0.3932,0.6068,3,1,7,0,1,LAM,4,3,3,1,1,0.6068,0.140952797,0.345,0.585,0.585
0.3932,0.6068,3,1,8,1,0,LAM,4,3,3,0,1,0.6068,0.140952797,0.345,0.585,0.585
0.3932,0.6068,3,1,9,0,1,LAM,4,2,2,1,1,0.6068,0.140952797,0.345,0.585,0.585
0.3932,0.6068,3,1,10,0,1,LAM,4,3,3,1,1,0.6068,0.140952797,0.345,0.585,0.585
0.3932,0.6068,3,1,11,1,1,LAM,4,2,2,0,1,0.6068,0.140952797,0.345,0.585,0.585
0.3932,0.6068,3,1,12,0,1,LAM,4,2,2,1,1,0.6068,0.140952797,0.345,0.585,0.585
0.3932,0.6068,3,1,13,1,1,LAM,4,3,3,0,1,0.6068,0.140952797,0.345,0.585,0.585
0.3932,0.6068,3,1,14,1,1,LAM,4,3,2,0,1,0.6068,0.140952797,0.345,0.585,0.585
0.3932,0.6068,3,1,15,1,1,LAM,4,4,3,0,1,0.6068,0.140952797,0.345,0.585,0.585
0.3932,0.6068,3,1,16,1,1,LAM,4,2,2,0,1,0.6068,0.140952797,0.345,0.585,0.585
0.9998,0.0002,2,0,1,1,1,HAM,9,3,2,0,1,0.9998,0.999781469,0.82,0.901,0.82
0.9998,0.0002,2,0,2,1,1,HAM,9,4,4,0,1,0.9998,0.999781469,0.82,0.901,0.82
0.9998,0.0002,2,0,3,1,0,HAM,9,3,3,1,1,0.9998,0.999781469,0.82,0.901,0.82
0.9998,0.0002,2,0,4,1,1,HAM,9,3,2,0,1,0.9998,0.999781469,0.82,0.901,0.82
0.9998,0.0002,2,0,5,1,1,HAM,9,3,3,0,1,0.9998,0.999781469,0.82,0.901,0.82
0.9998,0.0002,2,0,6,1,0,HAM,9,3,3,1,1,0.9998,0.999781469,0.82,0.901,0.82
0.9998,0.0002,2,0,7,1,1,HAM,9,3,3,0,1,0.9998,0.999781469,0.82,0.901,0.82
0.9998,0.0002,2,0,8,1,1,HAM,9,2,3,0,1,0.9998,0.999781469,0.82,0.901,0.82
0.9998,0.0002,2,0,9,1,1,HAM,9,3,3,0,1,0.9998,0.999781469,0.82,0.901,0.82
0.9998,0.0002,2,0,10,1,1,HAM,9,3,2,0,1,0.9998,0.999781469,0.82,0.901,0.82
0.9998,0.0002,2,0,11,1,1,HAM,9,3,3,0,1,0.9998,0.999781469,0.82,0.901,0.82
0.9998,0.0002,2,0,12,1,1,HAM,9,1,2,0,1,0.9998,0.999781469,0.82,0.901,0.82
0.9998,0.0002,2,0,13,1,1,HAM,9,3,3,0,1,0.9998,0.999781469,0.82,0.901,0.82
0.9998,0.0002,2,0,14,1,1,HAM,9,2,2,0,1,0.9998,0.999781469,0.82,0.901,0.82
0.9998,0.0002,2,0,15,1,1,HAM,9,4,4,0,1,0.9998,0.999781469,0.82,0.901,0.82
0.9998,0.0002,2,0,16,1,1,HAM,9,1,1,0,1,0.9998,0.999781469,0.82,0.901,0.82
0.8556,0.1444,1,0,1,1,1,HAM,18,4,4,0,1,0.8556,0.684659091,0.345,0.585,0.345
0.8556,0.1444,1,0,2,1,1,HAM,18,3,3,0,1,0.8556,0.684659091,0.345,0.585,0.345
0.8556,0.1444,1,0,3,0,1,HAM,18,3,3,1,1,0.8556,0.684659091,0.345,0.585,0.345
0.8556,0.1444,1,0,4,1,1,HAM,18,2,2,0,1,0.8556,0.684659091,0.345,0.585,0.345
0.8556,0.1444,1,0,5,1,1,HAM,18,3,3,0,1,0.8556,0.684659091,0.345,0.585,0.345
0.8556,0.1444,1,0,6,0,1,HAM,18,3,3,1,1,0.8556,0.684659091,0.345,0.585,0.345
0.8556,0.1444,1,0,7,0,0,HAM,18,4,4,0,1,0.8556,0.684659091,0.345,0.585,0.345
0.8556,0.1444,1,0,8,0,1,HAM,18,3,3,1,1,0.8556,0.684659091,0.345,0.585,0.345
0.8556,0.1444,1,0,9,1,1,HAM,18,3,3,0,1,0.8556,0.684659091,0.345,0.585,0.345
0.8556,0.1444,1,0,10,1,1,HAM,18,2,3,0,1,0.8556,0.684659091,0.345,0.585,0.345
0.8556,0.1444,1,0,11,1,1,HAM,18,3,4,0,1,0.8556,0.684659091,0.345,0.585,0.345
0.8556,0.1444,1,0,12,0,1,HAM,18,1,1,1,1,0.8556,0.684659091,0.345,0.585,0.345
0.8556,0.1444,1,0,13,0,0,HAM,18,4,3,0,1,0.8556,0.684659091,0.345,0.585,0.345
0.8556,0.1444,1,0,14,1,0,HAM,18,1,1,0,1,0.8556,0.684659091,0.345,0.585,0.345
0.8556,0.1444,1,0,15,1,1,HAM,18,3,4,0,1,0.8556,0.684659091,0.345,0.585,0.345
0.8556,0.1444,1,0,16,1,1,HAM,18,3,3,0,1,0.8556,0.684659091,0.345,0.585,0.345
0.9779,0.0221,1,0,1,1,1,LAM,10,3,4,0,1,0.9779,0.951923077,0.881,0.749,0.881
0.9779,0.0221,1,0,2,1,1,LAM,10,3,3,0,1,0.9779,0.951923077,0.881,0.749,0.881
0.9779,0.0221,1,0,3,1,1,LAM,10,3,4,0,1,0.9779,0.951923077,0.881,0.749,0.881
0.9779,0.0221,1,0,4,1,1,LAM,10,3,2,0,1,0.9779,0.951923077,0.881,0.749,0.881
0.9779,0.0221,1,0,5,1,1,LAM,10,3,3,0,1,0.9779,0.951923077,0.881,0.749,0.881
0.9779,0.0221,1,0,6,1,1,LAM,10,3,3,0,1,0.9779,0.951923077,0.881,0.749,0.881
0.9779,0.0221,1,0,7,1,1,LAM,10,3,2,0,1,0.9779,0.951923077,0.881,0.749,0.881
0.9779,0.0221,1,0,8,1,1,LAM,10,3,3,0,1,0.9779,0.951923077,0.881,0.749,0.881
0.9779,0.0221,1,0,9,1,1,LAM,10,3,3,0,1,0.9779,0.951923077,0.881,0.749,0.881
0.9779,0.0221,1,0,10,1,1,LAM,10,3,4,0,1,0.9779,0.951923077,0.881,0.749,0.881
0.9779,0.0221,1,0,11,1,1,LAM,10,4,4,0,1,0.9779,0.951923077,0.881,0.749,0.881
0.9779,0.0221,1,0,12,0,1,LAM,10,4,4,1,1,0.9779,0.951923077,0.881,0.749,0.881
0.9779,0.0221,1,0,13,1,1,LAM,10,3,4,0,1,0.9779,0.951923077,0.881,0.749,0.881
0.9779,0.0221,1,0,14,1,1,LAM,10,2,2,0,1,0.9779,0.951923077,0.881,0.749,0.881
0.9779,0.0221,1,0,15,1,1,LAM,10,4,4,0,1,0.9779,0.951923077,0.881,0.749,0.881
0.9779,0.0221,1,0,16,1,1,LAM,10,3,4,0,1,0.9779,0.951923077,0.881,0.749,0.881
0.5423,0.4577,2,0,1,1,1,HAM,15,3,3,0,1,0.5423,0,0.345,0.585,0.345
0.5423,0.4577,2,0,2,1,1,HAM,15,1,1,0,1,0.5423,0,0.345,0.585,0.345
0.5423,0.4577,2,0,3,1,1,HAM,15,3,3,0,1,0.5423,0,0.345,0.585,0.345
0.5423,0.4577,2,0,4,1,1,HAM,15,3,2,0,1,0.5423,0,0.345,0.585,0.345
0.5423,0.4577,2,0,5,1,1,HAM,15,3,3,0,1,0.5423,0,0.345,0.585,0.345
0.5423,0.4577,2,0,6,1,1,HAM,15,3,3,0,1,0.5423,0,0.345,0.585,0.345
0.5423,0.4577,2,0,7,1,1,HAM,15,1,1,0,1,0.5423,0,0.345,0.585,0.345
0.5423,0.4577,2,0,8,1,1,HAM,15,3,3,0,1,0.5423,0,0.345,0.585,0.345
0.5423,0.4577,2,0,9,1,0,HAM,15,3,4,0,1,0.5423,0,0.345,0.585,0.345
0.5423,0.4577,2,0,10,1,1,HAM,15,3,3,0,1,0.5423,0,0.345,0.585,0.345
0.5423,0.4577,2,0,11,1,1,HAM,15,3,3,0,1,0.5423,0,0.345,0.585,0.345
0.5423,0.4577,2,0,12,1,1,HAM,15,3,3,0,1,0.5423,0,0.345,0.585,0.345
0.5423,0.4577,2,0,13,1,1,HAM,15,3,4,0,1,0.5423,0,0.345,0.585,0.345
0.5423,0.4577,2,0,14,1,1,HAM,15,1,1,0,1,0.5423,0,0.345,0.585,0.345
0.5423,0.4577,2,0,15,1,1,HAM,15,4,4,0,1,0.5423,0,0.345,0.585,0.345
0.5423,0.4577,2,0,16,0,1,HAM,15,1,1,1,1,0.5423,0,0.345,0.585,0.345
0.1115,0.8885,4,0,1,1,1,LAM,14,2,3,0,0,0.8885,0.756555944,0.677,0.843,0.843
0.1115,0.8885,4,0,2,1,1,LAM,14,2,2,0,0,0.8885,0.756555944,0.677,0.843,0.843
0.1115,0.8885,4,0,3,1,1,LAM,14,2,3,0,0,0.8885,0.756555944,0.677,0.843,0.843
0.1115,0.8885,4,0,4,1,1,LAM,14,3,3,0,0,0.8885,0.756555944,0.677,0.843,0.843
0.1115,0.8885,4,0,5,1,1,LAM,14,3,3,0,0,0.8885,0.756555944,0.677,0.843,0.843
0.1115,0.8885,4,0,6,1,1,LAM,14,2,2,0,0,0.8885,0.756555944,0.677,0.843,0.843
0.1115,0.8885,4,0,7,1,1,LAM,14,4,4,0,0,0.8885,0.756555944,0.677,0.843,0.843
0.1115,0.8885,4,0,8,1,1,LAM,14,3,3,0,0,0.8885,0.756555944,0.677,0.843,0.843
0.1115,0.8885,4,0,9,1,1,LAM,14,3,3,0,0,0.8885,0.756555944,0.677,0.843,0.843
0.1115,0.8885,4,0,10,1,1,LAM,14,2,3,0,0,0.8885,0.756555944,0.677,0.843,0.843
0.1115,0.8885,4,0,11,1,1,LAM,14,2,2,0,0,0.8885,0.756555944,0.677,0.843,0.843
0.1115,0.8885,4,0,12,0,1,LAM,14,3,2,1,0,0.8885,0.756555944,0.677,0.843,0.843
0.1115,0.8885,4,0,13,1,1,LAM,14,2,3,0,0,0.8885,0.756555944,0.677,0.843,0.843
0.1115,0.8885,4,0,14,1,1,LAM,14,1,1,0,0,0.8885,0.756555944,0.677,0.843,0.843
0.1115,0.8885,4,0,15,1,1,LAM,14,2,3,0,0,0.8885,0.756555944,0.677,0.843,0.843
0.1115,0.8885,4,0,16,1,1,LAM,14,1,2,0,0,0.8885,0.756555944,0.677,0.843,0.843
0.9994,0.0006,3,0,1,1,1,LAM,16,4,4,0,1,0.9994,0.998907343,0.82,0.901,0.82
0.9994,0.0006,3,0,2,1,1,LAM,16,3,1,0,1,0.9994,0.998907343,0.82,0.901,0.82
0.9994,0.0006,3,0,3,1,1,LAM,16,3,3,0,1,0.9994,0.998907343,0.82,0.901,0.82
0.9994,0.0006,3,0,4,1,1,LAM,16,3,3,0,1,0.9994,0.998907343,0.82,0.901,0.82
0.9994,0.0006,3,0,5,1,0,LAM,16,3,3,0,1,0.9994,0.998907343,0.82,0.901,0.82
0.9994,0.0006,3,0,6,0,1,LAM,16,3,3,1,1,0.9994,0.998907343,0.82,0.901,0.82
0.9994,0.0006,3,0,7,1,1,LAM,16,4,4,0,1,0.9994,0.998907343,0.82,0.901,0.82
0.9994,0.0006,3,0,8,1,1,LAM,16,3,3,0,1,0.9994,0.998907343,0.82,0.901,0.82
0.9994,0.0006,3,0,9,1,1,LAM,16,4,3,0,1,0.9994,0.998907343,0.82,0.901,0.82
0.9994,0.0006,3,0,10,1,1,LAM,16,3,3,0,1,0.9994,0.998907343,0.82,0.901,0.82
0.9994,0.0006,3,0,11,1,1,LAM,16,3,3,0,1,0.9994,0.998907343,0.82,0.901,0.82
0.9994,0.0006,3,0,12,1,1,LAM,16,3,3,0,1,0.9994,0.998907343,0.82,0.901,0.82
0.9994,0.0006,3,0,13,1,1,LAM,16,3,3,0,1,0.9994,0.998907343,0.82,0.901,0.82
0.9994,0.0006,3,0,14,1,1,LAM,16,2,2,0,1,0.9994,0.998907343,0.82,0.901,0.82
0.9994,0.0006,3,0,15,1,1,LAM,16,4,4,0,1,0.9994,0.998907343,0.82,0.901,0.82
0.9994,0.0006,3,0,16,0,1,LAM,16,3,4,1,1,0.9994,0.998907343,0.82,0.901,0.82
0.1028,0.8972,3,0,1,1,1,LAM,13,3,3,0,0,0.8972,0.775568182,0.677,0.843,0.843
0.1028,0.8972,3,0,2,1,0,LAM,13,3,3,1,0,0.8972,0.775568182,0.677,0.843,0.843
0.1028,0.8972,3,0,3,1,1,LAM,13,3,3,0,0,0.8972,0.775568182,0.677,0.843,0.843
0.1028,0.8972,3,0,4,1,1,LAM,13,2,2,0,0,0.8972,0.775568182,0.677,0.843,0.843
0.1028,0.8972,3,0,5,1,0,LAM,13,3,3,1,0,0.8972,0.775568182,0.677,0.843,0.843
0.1028,0.8972,3,0,6,1,1,LAM,13,3,3,0,0,0.8972,0.775568182,0.677,0.843,0.843
0.1028,0.8972,3,0,7,1,1,LAM,13,4,4,0,0,0.8972,0.775568182,0.677,0.843,0.843
0.1028,0.8972,3,0,8,1,0,LAM,13,2,2,1,0,0.8972,0.775568182,0.677,0.843,0.843
0.1028,0.8972,3,0,9,1,1,LAM,13,3,3,0,0,0.8972,0.775568182,0.677,0.843,0.843
0.1028,0.8972,3,0,10,1,1,LAM,13,3,3,0,0,0.8972,0.775568182,0.677,0.843,0.843
0.1028,0.8972,3,0,11,1,0,LAM,13,2,2,1,0,0.8972,0.775568182,0.677,0.843,0.843
0.1028,0.8972,3,0,12,1,1,LAM,13,3,2,0,0,0.8972,0.775568182,0.677,0.843,0.843
0.1028,0.8972,3,0,13,1,0,LAM,13,3,3,1,0,0.8972,0.775568182,0.677,0.843,0.843
0.1028,0.8972,3,0,14,0,0,LAM,13,2,2,0,0,0.8972,0.775568182,0.677,0.843,0.843
0.1028,0.8972,3,0,15,1,1,LAM,13,3,3,0,0,0.8972,0.775568182,0.677,0.843,0.843
0.1028,0.8972,3,0,16,1,1,LAM,13,1,1,0,0,0.8972,0.775568182,0.677,0.843,0.843
0.9992,0.0008,3,0,1,1,0,HAM,11,3,2,1,1,0.9992,0.99847028,0.82,0.901,0.82
0.9992,0.0008,3,0,2,1,1,HAM,11,4,3,0,1,0.9992,0.99847028,0.82,0.901,0.82
0.9992,0.0008,3,0,3,1,1,HAM,11,4,3,0,1,0.9992,0.99847028,0.82,0.901,0.82
0.9992,0.0008,3,0,4,1,1,HAM,11,2,3,0,1,0.9992,0.99847028,0.82,0.901,0.82
0.9992,0.0008,3,0,5,1,1,HAM,11,2,2,0,1,0.9992,0.99847028,0.82,0.901,0.82
0.9992,0.0008,3,0,6,1,1,HAM,11,2,2,0,1,0.9992,0.99847028,0.82,0.901,0.82
0.9992,0.0008,3,0,7,1,1,HAM,11,4,4,0,1,0.9992,0.99847028,0.82,0.901,0.82
0.9992,0.0008,3,0,8,1,1,HAM,11,2,2,0,1,0.9992,0.99847028,0.82,0.901,0.82
0.9992,0.0008,3,0,9,1,1,HAM,11,3,3,0,1,0.9992,0.99847028,0.82,0.901,0.82
0.9992,0.0008,3,0,10,1,1,HAM,11,4,3,0,1,0.9992,0.99847028,0.82,0.901,0.82
0.9992,0.0008,3,0,11,1,1,HAM,11,3,3,0,1,0.9992,0.99847028,0.82,0.901,0.82
0.9992,0.0008,3,0,12,1,1,HAM,11,3,3,0,1,0.9992,0.99847028,0.82,0.901,0.82
0.9992,0.0008,3,0,13,1,1,HAM,11,4,3,0,1,0.9992,0.99847028,0.82,0.901,0.82
0.9992,0.0008,3,0,14,1,0,HAM,11,2,2,1,1,0.9992,0.99847028,0.82,0.901,0.82
0.9992,0.0008,3,0,15,1,0,HAM,11,3,4,1,1,0.9992,0.99847028,0.82,0.901,0.82
0.9992,0.0008,3,0,16,0,0,HAM,11,3,3,0,1,0.9992,0.99847028,0.82,0.901,0.82
0.8748,0.1252,3,0,1,1,1,HAM,12,3,4,0,1,0.8748,0.726617133,0.881,0.749,0.881
0.8748,0.1252,3,0,2,1,1,HAM,12,4,4,0,1,0.8748,0.726617133,0.881,0.749,0.881
0.8748,0.1252,3,0,3,1,1,HAM,12,3,3,0,1,0.8748,0.726617133,0.881,0.749,0.881
0.8748,0.1252,3,0,4,1,1,HAM,12,2,2,0,1,0.8748,0.726617133,0.881,0.749,0.881
0.8748,0.1252,3,0,5,1,1,HAM,12,4,4,0,1,0.8748,0.726617133,0.881,0.749,0.881
0.8748,0.1252,3,0,6,1,1,HAM,12,2,2,0,1,0.8748,0.726617133,0.881,0.749,0.881
0.8748,0.1252,3,0,7,1,1,HAM,12,2,4,0,1,0.8748,0.726617133,0.881,0.749,0.881
0.8748,0.1252,3,0,8,1,1,HAM,12,3,3,0,1,0.8748,0.726617133,0.881,0.749,0.881
0.8748,0.1252,3,0,9,1,1,HAM,12,4,4,0,1,0.8748,0.726617133,0.881,0.749,0.881
0.8748,0.1252,3,0,10,1,1,HAM,12,4,3,0,1,0.8748,0.726617133,0.881,0.749,0.881
0.8748,0.1252,3,0,11,1,1,HAM,12,3,3,0,1,0.8748,0.726617133,0.881,0.749,0.881
0.8748,0.1252,3,0,12,1,1,HAM,12,2,2,0,1,0.8748,0.726617133,0.881,0.749,0.881
0.8748,0.1252,3,0,13,1,1,HAM,12,2,3,0,1,0.8748,0.726617133,0.881,0.749,0.881
0.8748,0.1252,3,0,14,1,1,HAM,12,2,2,0,1,0.8748,0.726617133,0.881,0.749,0.881
0.8748,0.1252,3,0,15,1,1,HAM,12,3,4,0,1,0.8748,0.726617133,0.881,0.749,0.881
0.8748,0.1252,3,0,16,1,1,HAM,12,1,3,0,1,0.8748,0.726617133,0.881,0.749,0.881
